id,name,model_id:id,group_id:id,perm_read,perm_write,perm_create,perm_unlink
access_az_giro_input_user,az.giro.input.user,model_az_giro_input,account.group_account_user,1,1,1,0
access_az_giro_input_manager,az.giro.input.manager,model_az_giro_input,account.group_account_manager,1,1,1,1
access_swa_trial_balance_wizard,swa.trial.balance.wizard,model_swa_trial_balance_wizard,account.group_account_user,1,1,1,1
access_swa_trial_balance_line,swa.trial.balance.line,model_swa_trial_balance_line,account.group_account_user,1,1,1,1

access_az_mapping_account_foh_user,az.mapping.account.foh.user,model_az_mapping_account_foh,account.group_account_user,1,0,0,0
access_az_mapping_account_foh_manager,az.mapping.account.foh.manager,model_az_mapping_account_foh,account.group_account_manager,1,1,1,1
access_az_mapping_item_foh_user,az.mapping.item.foh.user,model_az_mapping_item_foh,account.group_account_user,1,0,0,0
access_az_mapping_item_foh_manager,az.mapping.item.foh.manager,model_az_mapping_item_foh,account.group_account_manager,1,1,1,1
access_az_item_foh_ratio_user,az.item.foh.ratio.user,model_az_item_foh_ratio,account.group_account_user,1,0,0,0
access_az_item_foh_ratio_manager,az.item.foh.ratio.manager,model_az_item_foh_ratio,account.group_account_manager,1,1,1,1
access_az_foh_calculation_user,az.foh.calculation.user,model_az_foh_calculation,account.group_account_user,1,0,0,0
access_az_foh_calculation_manager,az.foh.calculation.manager,model_az_foh_calculation,account.group_account_manager,1,1,1,1
access_az_foh_calculation_wizard_user,az.foh.calculation.wizard.user,model_az_foh_calculation_wizard,account.group_account_user,1,1,1,1
access_az_foh_calculation_wizard_manager,az.foh.calculation.wizard.manager,model_az_foh_calculation_wizard,account.group_account_manager,1,1,1,1
access_az_foh_item_cost_price_user,az.foh.item.cost.price.user,model_az_foh_item_cost_price,account.group_account_user,1,0,0,0
access_az_foh_item_cost_price_manager,az.foh.item.cost.price.manager,model_az_foh_item_cost_price,account.group_account_manager,1,1,1,1
access_az_foh_item_cost_price_wizard_user,az.foh.item.cost.price.wizard.user,model_az_foh_item_cost_price_wizard,account.group_account_user,1,1,1,1
access_az_foh_item_cost_price_wizard_manager,az.foh.item.cost.price.wizard.manager,model_az_foh_item_cost_price_wizard,account.group_account_manager,1,1,1,1
access_az_foh_production_cost_user,az.foh.production.cost.user,model_az_foh_production_cost,account.group_account_user,1,0,0,0
access_az_foh_production_cost_manager,az.foh.production.cost.manager,model_az_foh_production_cost,account.group_account_manager,1,1,1,1
access_az_foh_generate_mrp_wizard_user,az.foh.generate.mrp.wizard.user,model_az_foh_generate_mrp_wizard,account.group_account_user,1,1,1,1
access_az_foh_generate_mrp_wizard_manager,az.foh.generate.mrp.wizard.manager,model_az_foh_generate_mrp_wizard,account.group_account_manager,1,1,1,1
access_az_foh_production_price_user,az.foh.production.price.user,model_az_foh_production_price,account.group_account_user,1,0,0,0
access_az_foh_production_price_manager,az.foh.production.price.manager,model_az_foh_production_price,account.group_account_manager,1,1,1,1
access_az_foh_cost_price_fg_user,az.foh.cost.price.fg.user,model_az_foh_cost_price_fg,account.group_account_user,1,0,0,0
access_az_foh_cost_price_fg_manager,az.foh.cost.price.fg.manager,model_az_foh_cost_price_fg,account.group_account_manager,1,1,1,1

access_swa_api_received_data_user,swa.api.received.data.user,model_swa_api_received_data,account.group_account_user,1,0,0,0
access_swa_api_received_data_manager,swa.api.received.data.manager,model_swa_api_received_data,account.group_account_manager,1,1,1,1

access_swa_item_staging_user,swa.item.staging.user,model_swa_item_staging,account.group_account_user,1,0,0,0
access_swa_item_staging_manager,swa.item.staging.manager,model_swa_item_staging,account.group_account_manager,1,1,1,1
access_swa_cust_vend_staging_user,swa.cust.vend.staging.user,model_swa_cust_vend_staging,account.group_account_user,1,0,0,0
access_swa_cust_vend_staging_manager,swa.cust.vend.staging.manager,model_swa_cust_vend_staging,account.group_account_manager,1,1,1,1
access_swa_cust_invoice_jour_staging_user,swa.cust.invoice.jour.staging.user,model_swa_cust_invoice_jour_staging,account.group_account_user,1,0,0,0
access_swa_cust_invoice_jour_staging_manager,swa.cust.invoice.jour.staging.manager,model_swa_cust_invoice_jour_staging,account.group_account_manager,1,1,1,1
access_swa_cust_invoice_trans_staging_user,swa.cust.invoice.trans.staging.user,model_swa_cust_invoice_trans_staging,account.group_account_user,1,0,0,0
access_swa_cust_invoice_trans_staging_manager,swa.cust.invoice.trans.staging.manager,model_swa_cust_invoice_trans_staging,account.group_account_manager,1,1,1,1
access_swa_invent_trans_staging_user,swa.invent.trans.staging.user,model_swa_invent_trans_staging,account.group_account_user,1,0,0,0
access_swa_invent_trans_staging_manager,swa.invent.trans.staging.manager,model_swa_invent_trans_staging,account.group_account_manager,1,1,1,1

access_swa_sales_table_staging_user,swa.sales.table.staging.user,model_swa_sales_table_staging,account.group_account_user,1,0,0,0
access_swa_sales_table_staging_manager,swa.sales.table.staging.manager,model_swa_sales_table_staging,account.group_account_manager,1,1,1,1
access_swa_sales_line_staging_user,swa.sales.line.staging.user,model_swa_sales_line_staging,account.group_account_user,1,0,0,0
access_swa_sales_line_staging_manager,swa.sales.line.staging.manager,model_swa_sales_line_staging,account.group_account_manager,1,1,1,1

access_swa_vend_invoice_jour_staging_user,swa.vend.invoice.jour.staging.user,model_swa_vend_invoice_jour_staging,account.group_account_user,1,0,0,0
access_swa_vend_invoice_jour_staging_manager,swa.vend.invoice.jour.staging.manager,model_swa_vend_invoice_jour_staging,account.group_account_manager,1,1,1,1
access_swa_vend_invoice_trans_staging_user,swa.vend.invoice.trans.staging.user,model_swa_vend_invoice_trans_staging,account.group_account_user,1,0,0,0
access_swa_vend_invoice_trans_staging_manager,swa.vend.invoice.trans.staging.manager,model_swa_vend_invoice_trans_staging,account.group_account_manager,1,1,1,1
access_swa_purch_table_staging_user,swa.purch.table.staging.user,model_swa_purch_table_staging,account.group_account_user,1,0,0,0
access_swa_purch_table_staging_manager,swa.purch.table.staging.manager,model_swa_purch_table_staging,account.group_account_manager,1,1,1,1
access_swa_purch_line_staging_user,swa.purch.line.staging.user,model_swa_purch_line_staging,account.group_account_user,1,0,0,0
access_swa_purch_line_staging_manager,swa.purch.line.staging.manager,model_swa_purch_line_staging,account.group_account_manager,1,1,1,1

access_swa_staging_setup_user,swa.staging.setup.user,model_swa_staging_setup,account.group_account_user,1,0,0,0
access_swa_staging_setup_manager,swa.staging.setup.manager,model_swa_staging_setup,account.group_account_manager,1,1,1,1

access_swa_prod_table_staging_user,swa.prod.table.staging.user,model_swa_prod_table_staging,account.group_account_user,1,0,0,0
access_swa_prod_table_staging_manager,swa.prod.table.staging.manager,model_swa_prod_table_staging,account.group_account_manager,1,1,1,1
